,age_range,sample_size,extraversion,agreeableness,conscientiousness,neuroticism,openness
0,16_19,7,49.064571919226545,92.44804514117142,87.37081328227325,6.217751288378226,45.05473959613367
1,20_29,19,56.08587110202643,93.00299348850336,88.20594082555556,10.603416407559614,27.77550295162175
2,30_39,12,47.84194196341725,92.76119705034735,92.70026641915958,10.831493150398613,21.75160843064367
3,40_49,14,51.054588390135244,91.95087672161685,94.14761282564722,13.517182563417114,20.60066284298622
4,50_59,9,58.50001636267091,89.58505386833733,91.32356497391042,15.702121360748757,23.955491407375884
5,60_69,2,44.333951675175655,93.61067715877226,89.32459871035047,19.035580470031874,14.09337401939544
